year,input
2020,1.6227272727272728
2021,1.059090909090909
2016,0.7954545454545454
2015,0.5681818181818182
2014,0.22727272727272727
2019,0.22272727272727272
2017,0.11363636363636363
2018,0.013636363636363636
